{
  "user": [
    {
      "id": "1",
      "username": "Princy",
      "password": "12345",
      "active": true
    },
    {
      "id": "56fa",
      "username": "Daisy",
      "password": "9876"
    }
  ],
  "expenses": [
    {
      "Title": "Food",
      "Amount": "354",
      "Category": "Lunch",
      "PaymentMode": "CreditCard",
      "Date": "2026-01-16",
      "id": "fefe"
    },
    {
      "id": "80af",
      "Title": "Health",
      "Amount": "10000",
      "Category": "Insurance",
      "PaymentMode": "CreditCard",
      "Date": "2026-01-27",
      "userId": "56fa"
    },
    {
      "Title": "Health",
      "Amount": "700",
      "Category": "Medicine",
      "PaymentMode": "CreditCard",
      "Date": "2026-01-05",
      "id": "415c"
    },
    {
      "Title": "Health",
      "Amount": "12000",
      "Category": "Insurance",
      "PaymentMode": "CreditCard",
      "Date": "2026-01-21",
      "id": "eb8e"
    },
    {
      "Title": "Food",
      "Amount": "987.07",
      "Category": "Lunch",
      "PaymentMode": "Cash",
      "Date": "2026-01-20",
      "id": "a009"
    },
    {
      "id": "2632",
      "Title": "Food",
      "Amount": "765.99",
      "Category": "Dinner",
      "PaymentMode": "DebitCard",
      "Date": "2026-01-14",
      "userId": "56fa"
    },
    {
      "id": "22e4",
      "Title": "Grocery",
      "Amount": "890",
      "Category": "Fruits",
      "PaymentMode": "Cash",
      "Date": "2026-01-14",
      "userId": "1"
    },
    {
      "id": "f16e",
      "Title": "Health",
      "Amount": "370.68",
      "Category": "Medicine",
      "PaymentMode": "UPI",
      "Date": "2026-01-01",
      "userId": "1"
    },
    {
      "id": "909a",
      "Title": "Food",
      "Amount": "2490",
      "Category": "Lunch",
      "PaymentMode": "Cash",
      "Date": "2026-01-08",
      "userId": "1"
    },
    {
      "id": "c97c",
      "Title": "Shopping",
      "Amount": "5667",
      "Category": "Shoes",
      "PaymentMode": "DebitCard",
      "Date": "2026-01-15",
      "userId": "1"
    },
    {
      "id": "c5ba",
      "Title": "Health",
      "Amount": "10000",
      "Category": "Insurance",
      "PaymentMode": "DebitCard",
      "Date": "2026-01-05",
      "userId": "1"
    },
    {
      "id": "e2cb",
      "Title": "Grocery",
      "Amount": "570",
      "Category": "Vegetables",
      "PaymentMode": "Cash",
      "Date": "2026-01-11",
      "userId": "1"
    },
    {
      "id": "3010",
      "Title": "Travel",
      "Amount": "321",
      "Category": "BusTicket",
      "PaymentMode": "Cash",
      "Date": "2025-12-25",
      "userId": "1"
    },
    {
      "id": "087a",
      "Title": "Travel",
      "Amount": "600",
      "Category": "Cab",
      "PaymentMode": "UPI",
      "Date": "2026-01-16",
      "userId": "1"
    },
    {
      "id": "9585",
      "Title": "Travel",
      "Amount": "380",
      "Category": "BusTicket",
      "PaymentMode": "Cash",
      "Date": "2025-12-18",
      "userId": "56fa"
    },
    {
      "id": "7b6c",
      "Title": "Shopping",
      "Amount": "9500",
      "Category": "Dress",
      "PaymentMode": "DebitCard",
      "Date": "2026-01-22",
      "userId": "56fa"
    },
    {
      "id": "be61",
      "Title": "Grocery",
      "Amount": "456",
      "Category": "Fruits",
      "PaymentMode": "Cash",
      "Date": "2026-01-17",
      "userId": "56fa"
    },
    {
      "id": "eb7d",
      "Title": "Entertainment ",
      "Amount": "700",
      "Category": "Movie",
      "PaymentMode": "CreditCard",
      "Date": "2026-02-01",
      "userId": "1"
    },
    {
      "id": "ce7c",
      "Title": "Entertainment ",
      "Amount": "1250",
      "Category": "Movie",
      "PaymentMode": "UPI",
      "Date": "2026-02-20",
      "userId": "56fa"
    }
  ]
}